Open time,Open,High,Low,Close,Volume,Close time,Quote asset volume,Number of trades,Taker buy base asset volume,Taker buy quote asset volume,Ignore
2024-01-01,0.05815,0.065,0.0566,0.06324,65221241.9,2024-01-01 23:59:59.999,3975394.612666,25695,32694578.4,1993320.091887,0
2024-01-02,0.0632,0.06597,0.06297,0.06361,39775682.3,2024-01-02 23:59:59.999,2533077.57436,14265,16356001.3,1045045.521591,0
2024-01-03,0.06345,0.0656,0.054,0.05689,60073910.9,2024-01-03 23:59:59.999,3563868.698173,18963,25797856.5,1514986.828988,0
2024-01-04,0.05696,0.06051,0.05634,0.06018,36344925.6,2024-01-04 23:59:59.999,2105292.520858,12994,17307932.4,1004064.609945,0
2024-01-05,0.06019,0.06052,0.05239,0.05389,36587717.7,2024-01-05 23:59:59.999,2023229.517907,15146,16138795.0,892280.383929,0
2024-01-06,0.05389,0.05395,0.05,0.0513,35921645.3,2024-01-06 23:59:59.999,1861762.694647,15006,16217432.7,841432.142528,0
2024-01-07,0.05131,0.053,0.04764,0.04787,38767576.0,2024-01-07 23:59:59.999,1961346.105495,14584,16404282.2,830266.459741,0
2024-01-08,0.04788,0.04999,0.04471,0.04914,43027855.3,2024-01-08 23:59:59.999,2049221.855799,15310,21130907.4,1006828.755934,0
2024-01-09,0.04913,0.04933,0.04425,0.0456,45063157.3,2024-01-09 23:59:59.999,2105909.780922,15901,22549208.5,1053789.831024,0
2024-01-10,0.04558,0.05002,0.04474,0.04906,46075957.7,2024-01-10 23:59:59.999,2161102.272671,15454,22966834.3,1076605.250328,0
2024-01-11,0.04901,0.055,0.04872,0.05305,62183088.0,2024-01-11 23:59:59.999,3222505.554023,21392,34201662.2,1774350.875839,0
2024-01-12,0.05301,0.05447,0.04892,0.05036,36129438.9,2024-01-12 23:59:59.999,1875411.218452,15107,15959660.5,828455.469116,0
2024-01-13,0.05045,0.05222,0.0492,0.05151,19990793.1,2024-01-13 23:59:59.999,1018837.689489,8538,8566972.8,436597.619558,0
2024-01-14,0.05152,0.05152,0.04795,0.04854,19206347.5,2024-01-14 23:59:59.999,967599.681899,7009,8100527.2,408805.142208,0
2024-01-15,0.04859,0.05062,0.0485,0.04978,19074922.0,2024-01-15 23:59:59.999,948401.344464,7212,9852149.5,489943.026953,0
2024-01-16,0.04979,0.05138,0.04903,0.05068,18902507.2,2024-01-16 23:59:59.999,952163.250754,7383,8319373.2,419307.430982,0
2024-01-17,0.05068,0.05139,0.04949,0.04976,12463198.1,2024-01-17 23:59:59.999,627855.76065,5849,5746716.0,289489.719775,0
2024-01-18,0.04976,0.0505,0.04601,0.04679,21131247.2,2024-01-18 23:59:59.999,1024822.418232,8903,9878480.6,480694.91697,0
2024-01-19,0.04679,0.04859,0.04483,0.04813,22155489.7,2024-01-19 23:59:59.999,1040142.384833,9598,10990842.3,516348.538722,0
2024-01-20,0.04812,0.05217,0.04718,0.04945,57651132.6,2024-01-20 23:59:59.999,2879121.036134,19074,29902285.0,1496568.184333,0
2024-01-21,0.04945,0.05216,0.04864,0.05031,29558211.6,2024-01-21 23:59:59.999,1483099.216297,10755,14528117.8,729194.861654,0
2024-01-22,0.05026,0.0508,0.0464,0.0466,32559012.2,2024-01-22 23:59:59.999,1588742.09876,11552,15811287.1,773509.580933,0
2024-01-23,0.0466,0.04739,0.0435,0.04589,25755082.4,2024-01-23 23:59:59.999,1161890.587287,9282,12092967.5,546483.721084,0
2024-01-24,0.04588,0.04636,0.0449,0.04586,10474589.8,2024-01-24 23:59:59.999,478442.434833,5145,5201281.0,237671.43387,0
2024-01-25,0.04585,0.04593,0.04425,0.04548,11667594.7,2024-01-25 23:59:59.999,523267.255102,5632,6073143.3,272299.011032,0
2024-01-26,0.04557,0.04774,0.04506,0.04712,10629944.0,2024-01-26 23:59:59.999,495056.620301,5012,5851771.7,272812.507164,0
2024-01-27,0.04707,0.04762,0.04587,0.04742,13244841.9,2024-01-27 23:59:59.999,619625.967208,5751,6094715.6,285442.805968,0
2024-01-28,0.04743,0.04851,0.0466,0.0477,16288715.7,2024-01-28 23:59:59.999,774298.473194,9102,7478584.4,355873.824903,0
2024-01-29,0.04771,0.0491,0.04694,0.04826,17364916.7,2024-01-29 23:59:59.999,833415.259773,10651,8452792.9,406313.54823,0
2024-01-30,0.04826,0.04875,0.04704,0.04719,10974496.4,2024-01-30 23:59:59.999,527879.117665,7601,5461538.9,262760.579191,0
2024-01-31,0.04724,0.04743,0.04449,0.04474,18669394.1,2024-01-31 23:59:59.999,856092.215801,10399,8820232.3,404180.246524,0
2024-02-01,0.04474,0.04583,0.04403,0.04531,11403725.9,2024-02-01 23:59:59.999,512429.942783,7242,5182864.9,233199.611898,0
2024-02-02,0.04527,0.04641,0.04486,0.04586,9119158.1,2024-02-02 23:59:59.999,415912.662487,6633,4172203.0,190596.619528,0
2024-02-03,0.0458,0.04776,0.04571,0.0463,12327793.3,2024-02-03 23:59:59.999,573070.237278,8130,6635160.3,308733.478532,0
2024-02-04,0.04635,0.04923,0.04566,0.04593,37347456.2,2024-02-04 23:59:59.999,1771858.657417,20036,19115473.1,907356.287209,0
2024-02-05,0.04593,0.04774,0.04554,0.04647,13333223.1,2024-02-05 23:59:59.999,623151.936732,8585,6703002.2,313726.777538,0
2024-02-06,0.04647,0.047,0.04492,0.04588,11116664.3,2024-02-06 23:59:59.999,512214.864403,6490,5842810.4,269675.72062,0
2024-02-07,0.04588,0.04799,0.04577,0.04729,12302584.0,2024-02-07 23:59:59.999,575341.946493,5798,6262128.7,293256.855737,0
2024-02-08,0.04735,0.0487,0.04715,0.04782,10826747.9,2024-02-08 23:59:59.999,518382.141967,6027,5515705.5,264346.96968,0
2024-02-09,0.04784,0.05352,0.04779,0.05252,59582086.8,2024-02-09 23:59:59.999,3059496.478657,23908,33431402.7,1717908.264979,0
2024-02-10,0.05255,0.05509,0.0502,0.05198,39575434.3,2024-02-10 23:59:59.999,2091994.68776,16722,19897678.4,1053915.63184,0
2024-02-11,0.05198,0.05416,0.05051,0.0509,15392652.4,2024-02-11 23:59:59.999,808835.388677,6493,7742243.3,407273.591401,0
2024-02-12,0.0509,0.0522,0.04953,0.05161,20057260.2,2024-02-12 23:59:59.999,1018806.594843,6967,10450778.5,530110.72769,0
2024-02-13,0.05168,0.05487,0.05109,0.05306,36143756.2,2024-02-13 23:59:59.999,1914207.521104,13800,17842048.8,946153.532595,0
2024-02-14,0.05305,0.056,0.05239,0.05479,32202458.2,2024-02-14 23:59:59.999,1751369.827142,11333,17239309.3,938380.39863,0
2024-02-15,0.05474,0.059,0.05472,0.05703,65783103.6,2024-02-15 23:59:59.999,3773900.095985,25749,33307363.6,1911540.62623,0
2024-02-16,0.05702,0.0589,0.0558,0.05824,36309338.6,2024-02-16 23:59:59.999,2090455.861478,13046,16650867.4,960897.453789,0
2024-02-17,0.05824,0.0584,0.05431,0.05773,24527301.9,2024-02-17 23:59:59.999,1381615.020714,9556,11184258.5,630734.439872,0
2024-02-18,0.05772,0.06309,0.05717,0.05951,56981696.3,2024-02-18 23:59:59.999,3419004.884552,20478,30718982.9,1846494.437212,0
2024-02-19,0.05952,0.06068,0.05803,0.05952,30783326.3,2024-02-19 23:59:59.999,1828354.644831,11734,14129975.6,839730.323728,0
2024-02-20,0.0595,0.063,0.055,0.05893,61416228.3,2024-02-20 23:59:59.999,3667438.437982,20780,29248850.1,1748319.175795,0
2024-02-21,0.05894,0.06049,0.0555,0.05759,28267904.8,2024-02-21 23:59:59.999,1623250.366118,12097,12809749.9,738762.384945,0
2024-02-22,0.05758,0.0627,0.05566,0.0597,59856600.2,2024-02-22 23:59:59.999,3621306.789442,22484,30076352.6,1821769.483842,0
2024-02-23,0.05965,0.06213,0.05782,0.05857,35413749.3,2024-02-23 23:59:59.999,2129089.761461,12734,17056076.7,1027780.665363,0
2024-02-24,0.05858,0.0625,0.05834,0.06213,31316947.5,2024-02-24 23:59:59.999,1910264.086248,11792,17134403.9,1043818.470653,0
2024-02-25,0.06224,0.064,0.0605,0.06098,31695650.3,2024-02-25 23:59:59.999,1972065.068545,11030,15517459.7,967741.448057,0
2024-02-26,0.06111,0.06201,0.05818,0.06113,34101854.9,2024-02-26 23:59:59.999,2061401.210422,13256,16733114.7,1013130.994423,0
2024-02-27,0.06106,0.0635,0.05815,0.06125,49168385.1,2024-02-27 23:59:59.999,3027387.006179,19137,24131274.5,1487358.452141,0
2024-02-28,0.06125,0.06429,0.05843,0.06413,68033974.8,2024-02-28 23:59:59.999,4154081.675148,24583,34277137.5,2098705.565831,0
2024-02-29,0.06412,0.06925,0.06248,0.0634,86356594.0,2024-02-29 23:59:59.999,5681804.43741,32432,44525257.8,2933551.82193,0
2024-03-01,0.06341,0.0715,0.0631,0.07123,62400444.4,2024-03-01 23:59:59.999,4201648.906996,25496,31790449.7,2146888.216673,0
2024-03-02,0.07129,0.07444,0.06922,0.07384,41884600.8,2024-03-02 23:59:59.999,3009200.902921,20919,20285341.0,1457486.337957,0
2024-03-03,0.07386,0.079,0.0671,0.07583,57405851.1,2024-03-03 23:59:59.999,4227831.805697,26860,29372864.3,2160249.305276,0
2024-03-04,0.07586,0.08368,0.07386,0.07408,69550560.3,2024-03-04 23:59:59.999,5441649.734882,31724,36309671.7,2851710.974222,0
2024-03-05,0.07414,0.07846,0.06413,0.06702,80408374.7,2024-03-05 23:59:59.999,5763865.326386,40070,36497193.3,2626597.497263,0
2024-03-06,0.06702,0.0722,0.06278,0.07181,63829968.1,2024-03-06 23:59:59.999,4342444.575078,34437,31373387.4,2141060.958041,0
2024-03-07,0.07182,0.07553,0.07027,0.07519,36227440.1,2024-03-07 23:59:59.999,2654781.890381,19627,18029632.6,1323189.725295,0
2024-03-08,0.07517,0.077,0.07055,0.07636,50842384.7,2024-03-08 23:59:59.999,3789106.612058,28377,25524015.5,1903207.937297,0
2024-03-09,0.07636,0.089,0.07527,0.084,102159709.5,2024-03-09 23:59:59.999,8531373.358127,59860,56414673.5,4715697.204825,0
2024-03-10,0.084,0.086,0.07893,0.08139,41491163.9,2024-03-10 23:59:59.999,3396299.647595,26269,21107525.9,1731095.651458,0
2024-03-11,0.08141,0.103,0.07866,0.09632,115984256.5,2024-03-11 23:59:59.999,10656794.926221,65854,64181969.9,5889992.685364,0
2024-03-12,0.09633,0.1332,0.09384,0.11284,688987799.6,2024-03-12 23:59:59.999,76701778.726424,425753,347533233.7,38767058.485308,0
2024-03-13,0.11296,0.14999,0.10893,0.13856,565263561.9,2024-03-13 23:59:59.999,75531712.01696,424173,291621967.9,39054491.919203,0
2024-03-14,0.13834,0.15,0.11698,0.12388,188342650.4,2024-03-14 23:59:59.999,24596123.791636,151200,90649595.6,11883415.408681,0
2024-03-15,0.12388,0.1285,0.10478,0.11471,160499292.5,2024-03-15 23:59:59.999,18499429.091317,106694,79113982.3,9135484.880338,0
2024-03-16,0.11466,0.12116,0.09503,0.09886,111574629.1,2024-03-16 23:59:59.999,12123763.181913,68370,51634416.9,5626283.049591,0
2024-03-17,0.09897,0.13757,0.09688,0.12955,176985124.4,2024-03-17 23:59:59.999,20766562.858095,120520,91147611.4,10685168.090205,0
2024-03-18,0.12965,0.13956,0.11055,0.11164,238908923.1,2024-03-18 23:59:59.999,30628922.784491,170268,122079865.3,15720821.246132,0
2024-03-19,0.11156,0.1283,0.1,0.11452,142679010.3,2024-03-19 23:59:59.999,16113052.57026,105113,70458483.4,7973982.190719,0
2024-03-20,0.11452,0.13061,0.10884,0.12205,119859631.5,2024-03-20 23:59:59.999,14153760.221114,89133,59095439.7,6982435.819662,0
2024-03-21,0.12205,0.12765,0.11303,0.11816,106415452.0,2024-03-21 23:59:59.999,12839830.057562,63290,53234123.3,6432321.319725,0
2024-03-22,0.11812,0.12369,0.1059,0.11229,75638421.0,2024-03-22 23:59:59.999,8629032.676649,59265,35573500.6,4061043.729906,0
2024-03-23,0.11243,0.11429,0.106,0.10736,58239542.7,2024-03-23 23:59:59.999,6438546.067758,40409,27755205.1,3069688.523147,0
2024-03-24,0.10738,0.11144,0.1032,0.10989,50285357.6,2024-03-24 23:59:59.999,5374290.683511,34441,24919478.5,2662457.97534,0
2024-03-25,0.10985,0.126,0.10886,0.11996,88639659.9,2024-03-25 23:59:59.999,10585450.828625,67120,44887976.8,5364329.294578,0
2024-03-26,0.11993,0.12344,0.11282,0.11462,62715722.4,2024-03-26 23:59:59.999,7413023.888518,39140,30587191.3,3616329.084597,0
2024-03-27,0.11468,0.1459,0.114,0.14329,266916806.1,2024-03-27 23:59:59.999,35499615.441576,192090,140587045.7,18750447.206571,0
2024-03-28,0.14341,0.174,0.13012,0.13562,400351381.9,2024-03-28 23:59:59.999,59106176.539084,279308,201041736.6,29744287.146479,0
2024-03-29,0.13578,0.1399,0.12368,0.12546,86552464.5,2024-03-29 23:59:59.999,11361283.302809,61840,41740138.9,5485754.817495,0
2024-03-30,0.12546,0.13317,0.1222,0.12509,52828828.8,2024-03-30 23:59:59.999,6742225.866821,41963,25036249.6,3194616.352174,0
2024-03-31,0.12503,0.132,0.12126,0.12691,46527092.8,2024-03-31 23:59:59.999,5862286.573275,34202,23811535.4,3001569.985601,0
2024-04-01,0.12691,0.12721,0.11508,0.1175,42651109.5,2024-04-01 23:59:59.999,5116430.424937,31166,19669029.2,2360088.18486,0
2024-04-02,0.1175,0.1176,0.10261,0.10664,45182667.4,2024-04-02 23:59:59.999,4900954.781757,25121,21019883.8,2280818.543921,0
2024-04-03,0.10664,0.11199,0.10193,0.10253,37970676.2,2024-04-03 23:59:59.999,4016137.628,23702,17792241.8,1886609.751209,0
2024-04-04,0.10253,0.11246,0.1003,0.10676,24267686.6,2024-04-04 23:59:59.999,2581816.527839,19196,12581972.0,1340929.619382,0
2024-04-05,0.10676,0.10722,0.10171,0.10295,26135305.4,2024-04-05 23:59:59.999,2708310.537081,34156,12148459.6,1260117.565607,0
2024-04-06,0.10296,0.10847,0.1027,0.10682,19362240.3,2024-04-06 23:59:59.999,2038731.481599,23358,10042140.7,1058270.730478,0
2024-04-07,0.10687,0.11007,0.10573,0.10736,23995504.9,2024-04-07 23:59:59.999,2581342.658618,24694,10878101.2,1171362.41458,0
2024-04-08,0.10736,0.11399,0.10687,0.11139,29129229.5,2024-04-08 23:59:59.999,3235612.326775,51971,15325125.0,1700914.716062,0
2024-04-09,0.11138,0.11186,0.10237,0.10317,22132960.2,2024-04-09 23:59:59.999,2374464.378659,20870,8868994.5,950210.796045,0
2024-04-10,0.10314,0.1058,0.0993,0.10568,21779276.1,2024-04-10 23:59:59.999,2231061.645067,21724,9799240.8,1006907.34105,0
2024-04-11,0.10575,0.107,0.10116,0.10195,12194058.1,2024-04-11 23:59:59.999,1271001.191335,12243,5804261.2,605129.128603,0
2024-04-12,0.10204,0.10467,0.084,0.08758,32227639.6,2024-04-12 23:59:59.999,3014250.352944,25740,15413848.8,1434319.614653,0
2024-04-13,0.08756,0.0881,0.0635,0.07249,42983159.9,2024-04-13 23:59:59.999,3253669.077127,26914,19510485.6,1463862.937851,0
2024-04-14,0.0724,0.07931,0.06889,0.07738,38359643.1,2024-04-14 23:59:59.999,2855209.660659,19202,18497433.8,1378835.528493,0
2024-04-15,0.07735,0.08235,0.06948,0.07177,26747800.7,2024-04-15 23:59:59.999,2039914.701802,16187,12458530.7,950151.640849,0
2024-04-16,0.07185,0.07699,0.0687,0.07636,30739637.5,2024-04-16 23:59:59.999,2245700.154525,22714,15691089.5,1148159.080936,0
2024-04-17,0.07626,0.07677,0.06975,0.07291,24088039.5,2024-04-17 23:59:59.999,1761477.633709,19934,11543434.7,845079.301443,0
2024-04-18,0.07291,0.07669,0.07131,0.07585,19902480.6,2024-04-18 23:59:59.999,1474587.94568,23687,10330700.5,765529.768039,0
2024-04-19,0.07586,0.08133,0.06978,0.07749,29256184.4,2024-04-19 23:59:59.999,2260354.324289,33726,14872154.9,1150572.493001,0
2024-04-20,0.07749,0.08721,0.07713,0.08677,26644136.6,2024-04-20 23:59:59.999,2191891.58917,34659,13952759.4,1147893.707942,0
2024-04-21,0.08689,0.08753,0.08289,0.08321,30743249.9,2024-04-21 23:59:59.999,2625849.623339,41440,14618259.3,1250900.479413,0
2024-04-22,0.08321,0.08984,0.08223,0.08772,26070707.3,2024-04-22 23:59:59.999,2255868.522705,33130,13794954.5,1196861.968114,0
2024-04-23,0.08769,0.09053,0.08538,0.08889,27793384.9,2024-04-23 23:59:59.999,2456124.412173,38993,13496510.6,1193773.087647,0
2024-04-24,0.08889,0.09262,0.08147,0.08235,39238406.7,2024-04-24 23:59:59.999,3424130.076302,45817,19505250.7,1701312.165138,0
2024-04-25,0.08235,0.084,0.07939,0.08253,30688831.8,2024-04-25 23:59:59.999,2510091.521017,43005,14891132.6,1219517.683356,0
2024-04-26,0.08268,0.08357,0.07848,0.07882,29121197.9,2024-04-26 23:59:59.999,2355204.000232,39315,13594267.8,1100417.44039,0
2024-04-27,0.07874,0.08,0.0757,0.07951,20676204.9,2024-04-27 23:59:59.999,1609260.834619,27006,9921916.8,772836.546894,0
2024-04-28,0.07945,0.08217,0.07681,0.07732,20632245.4,2024-04-28 23:59:59.999,1647730.976091,24848,10032827.8,801969.414831,0
2024-04-29,0.07725,0.07779,0.07346,0.07656,27302473.6,2024-04-29 23:59:59.999,2057230.943385,25459,13141904.9,990779.083703,0
2024-04-30,0.07647,0.07772,0.06577,0.06891,38323980.0,2024-04-30 23:59:59.999,2695785.077121,28047,16789936.9,1174984.588248,0
2024-05-01,0.06891,0.07061,0.0637,0.06951,25347867.1,2024-05-01 23:59:59.999,1704977.342516,21922,12216763.1,822142.217874,0
2024-05-02,0.06951,0.07217,0.06676,0.07119,17491195.8,2024-05-02 23:59:59.999,1208880.764459,16799,8486662.5,587448.227108,0
2024-05-03,0.07119,0.07694,0.07061,0.07594,33263959.4,2024-05-03 23:59:59.999,2476205.896672,31519,16699339.9,1242288.055833,0
2024-05-04,0.07594,0.07939,0.07376,0.07663,31056111.3,2024-05-04 23:59:59.999,2365142.119234,22836,15804494.5,1204495.174961,0
2024-05-05,0.07655,0.07696,0.0744,0.07475,21048038.5,2024-05-05 23:59:59.999,1586619.318405,18229,10149986.8,765509.105358,0
2024-05-06,0.07475,0.07665,0.07146,0.07184,26378409.0,2024-05-06 23:59:59.999,1957862.037779,19518,11912267.7,883673.748523,0
2024-05-07,0.07187,0.07394,0.07023,0.07032,15854941.7,2024-05-07 23:59:59.999,1146195.97431,12998,7655559.4,553561.876201,0
2024-05-08,0.07038,0.07116,0.0684,0.06964,20082530.6,2024-05-08 23:59:59.999,1403244.439215,14829,9743281.9,681095.374754,0
2024-05-09,0.06961,0.07351,0.06789,0.0729,16894766.4,2024-05-09 23:59:59.999,1189568.513176,14714,8735740.2,615155.270128,0
2024-05-10,0.0729,0.07431,0.06723,0.06872,21454243.6,2024-05-10 23:59:59.999,1522601.123688,15525,9635721.2,685701.038679,0
2024-05-11,0.06872,0.07102,0.0686,0.06981,11442872.3,2024-05-11 23:59:59.999,799954.28821,11423,4936664.0,345356.078952,0
2024-05-12,0.06981,0.07531,0.06821,0.07003,28389536.1,2024-05-12 23:59:59.999,2043827.041927,18360,15744980.8,1136089.65405,0
2024-05-13,0.07001,0.0707,0.067,0.06824,19980452.9,2024-05-13 23:59:59.999,1372132.585713,12365,9261599.2,636540.802748,0
2024-05-14,0.06834,0.06929,0.06487,0.06534,15489514.6,2024-05-14 23:59:59.999,1031894.147607,8582,6742641.4,449933.845437,0
2024-05-15,0.06538,0.06986,0.06516,0.06952,21456936.8,2024-05-15 23:59:59.999,1458004.009658,13618,12682493.9,862067.061999,0
2024-05-16,0.06953,0.07,0.06599,0.06709,13074513.4,2024-05-16 23:59:59.999,893307.288765,11209,6757056.1,461619.000627,0
2024-05-17,0.06703,0.07141,0.06661,0.06994,10645146.6,2024-05-17 23:59:59.999,737270.731062,9995,6400222.3,443040.612843,0
2024-05-18,0.06994,0.07067,0.06838,0.06941,6937400.3,2024-05-18 23:59:59.999,483532.270432,6317,3924523.4,273635.477931,0
2024-05-19,0.06941,0.06999,0.06527,0.06578,12304403.5,2024-05-19 23:59:59.999,827094.147026,9892,5236748.8,353205.374918,0
2024-05-20,0.06571,0.07195,0.06532,0.07186,15782823.4,2024-05-20 23:59:59.999,1088268.163508,12677,8397416.9,580124.08704,0
2024-05-21,0.0718,0.07336,0.07051,0.07157,25029413.3,2024-05-21 23:59:59.999,1797754.051918,19814,12128477.4,872412.802506,0
2024-05-22,0.07157,0.07395,0.07015,0.07251,17903324.3,2024-05-22 23:59:59.999,1297511.12369,19587,8945899.2,648933.438899,0
2024-05-23,0.07259,0.07494,0.06845,0.07129,24905490.6,2024-05-23 23:59:59.999,1797225.42604,24769,11544610.7,835335.577914,0
2024-05-24,0.07125,0.073,0.06889,0.07299,12231916.1,2024-05-24 23:59:59.999,869845.061319,9622,6027667.5,428763.495184,0
2024-05-25,0.073,0.0735,0.07126,0.07173,12104290.9,2024-05-25 23:59:59.999,877765.772723,8700,5787811.3,419914.012626,0
2024-05-26,0.07172,0.07355,0.07062,0.07305,20337932.9,2024-05-26 23:59:59.999,1470775.853203,20486,10724165.3,776380.556204,0
2024-05-27,0.07297,0.0742,0.07137,0.07194,19872117.7,2024-05-27 23:59:59.999,1443099.492607,20799,8293678.8,603251.506779,0
2024-05-28,0.07186,0.07295,0.07018,0.07266,16265125.0,2024-05-28 23:59:59.999,1165518.112606,13116,8029938.4,575932.859584,0
2024-05-29,0.07273,0.0746,0.071,0.07116,22356143.9,2024-05-29 23:59:59.999,1632630.486983,18826,11112083.1,812612.088062,0
2024-05-30,0.07106,0.0718,0.069,0.06916,19210986.5,2024-05-30 23:59:59.999,1352881.736915,14671,7832993.8,552320.222776,0
2024-05-31,0.06912,0.07104,0.06829,0.0699,12627593.6,2024-05-31 23:59:59.999,881431.862264,10211,6187918.4,432166.304357,0
2024-06-01,0.0699,0.07035,0.06875,0.06952,6740689.0,2024-06-01 23:59:59.999,468430.572597,7516,3495859.4,243067.413018,0
2024-06-02,0.06952,0.071,0.06857,0.06984,10391156.5,2024-06-02 23:59:59.999,722778.231074,9738,5370291.7,373721.951932,0
2024-06-03,0.06984,0.07379,0.06926,0.07075,23813830.0,2024-06-03 23:59:59.999,1716424.487031,17832,11420486.8,823135.80801,0
2024-06-04,0.07079,0.07399,0.0702,0.07399,12740127.0,2024-06-04 23:59:59.999,915767.736116,12968,6902365.2,497374.916726,0
2024-06-05,0.07399,0.07927,0.07383,0.07534,40256865.2,2024-06-05 23:59:59.999,3080214.335469,28314,20165680.0,1546641.284929,0
2024-06-06,0.07542,0.07783,0.07358,0.07741,17978864.9,2024-06-06 23:59:59.999,1360473.209066,16422,8356747.7,633971.522894,0
2024-06-07,0.0774,0.07848,0.06872,0.07062,22463119.5,2024-06-07 23:59:59.999,1652029.166428,20277,10745446.2,791377.771574,0
2024-06-08,0.07061,0.0714,0.0662,0.06709,15656937.5,2024-06-08 23:59:59.999,1072743.771325,16409,7285112.6,498941.74983,0
2024-06-09,0.06708,0.06913,0.06646,0.0684,10062910.1,2024-06-09 23:59:59.999,682296.599842,12133,5024913.9,340979.169442,0
2024-06-10,0.06839,0.06865,0.0655,0.06683,12323657.5,2024-06-10 23:59:59.999,827339.628718,16410,6345147.8,426193.86852,0
2024-06-11,0.06672,0.06718,0.05809,0.05959,32325036.0,2024-06-11 23:59:59.999,1984078.360701,37198,15819628.0,969984.028902,0
2024-06-12,0.05959,0.06296,0.05852,0.05993,30142847.0,2024-06-12 23:59:59.999,1834338.087066,32242,14459430.2,878850.28336,0
2024-06-13,0.05986,0.05998,0.05664,0.05708,15442148.3,2024-06-13 23:59:59.999,895942.451509,15501,7022353.7,408016.359552,0
2024-06-14,0.05704,0.05985,0.05566,0.05781,17573479.1,2024-06-14 23:59:59.999,1010504.640146,15594,9538063.2,547861.295167,0
2024-06-15,0.05787,0.05994,0.05742,0.05898,12091934.2,2024-06-15 23:59:59.999,714582.498373,15118,5528698.7,326956.437457,0
2024-06-16,0.05897,0.05964,0.05775,0.05927,10096354.0,2024-06-16 23:59:59.999,591837.997487,13657,4936339.2,289557.303888,0
2024-06-17,0.05933,0.05957,0.05305,0.05475,15881270.8,2024-06-17 23:59:59.999,885453.451147,19052,7901350.7,440597.801241,0
2024-06-18,0.05475,0.05485,0.04841,0.05146,28594626.3,2024-06-18 23:59:59.999,1448370.408392,24804,14480426.5,732053.770136,0
2024-06-19,0.05148,0.05431,0.05092,0.05157,17106956.3,2024-06-19 23:59:59.999,895049.25789,20746,8501019.0,444687.566442,0
2024-06-20,0.0515,0.0552,0.05131,0.05237,21500975.3,2024-06-20 23:59:59.999,1143022.337459,31665,10409967.3,553543.500982,0
2024-06-21,0.0524,0.05664,0.0513,0.05237,42180622.2,2024-06-21 23:59:59.999,2264319.463441,40102,21934285.5,1181894.556507,0
2024-06-22,0.05239,0.05247,0.04941,0.05071,23193252.5,2024-06-22 23:59:59.999,1179575.091076,25739,10902081.9,555142.099805,0
2024-06-23,0.05071,0.05195,0.04793,0.04812,15792816.5,2024-06-23 23:59:59.999,790077.681582,15427,7079111.1,354675.585757,0
2024-06-24,0.04807,0.05108,0.0461,0.05067,23467673.0,2024-06-24 23:59:59.999,1128263.193765,19471,11869735.7,571696.544632,0
2024-06-25,0.0507,0.05246,0.04988,0.05169,14407362.0,2024-06-25 23:59:59.999,735472.577515,15242,7161453.4,365829.620408,0
2024-06-26,0.05169,0.0528,0.04962,0.0506,12844749.1,2024-06-26 23:59:59.999,657109.215397,13988,6610834.5,338785.283603,0
2024-06-27,0.05054,0.05437,0.04977,0.05362,18231195.9,2024-06-27 23:59:59.999,955566.843184,20865,9360044.1,490994.655861,0
2024-06-28,0.05356,0.05526,0.05128,0.05135,27231382.2,2024-06-28 23:59:59.999,1456582.797512,28855,13204709.0,706563.047496,0
2024-06-29,0.05136,0.05231,0.04979,0.04997,14133502.6,2024-06-29 23:59:59.999,725948.576781,18211,5718072.8,293573.452698,0
2024-06-30,0.04999,0.05297,0.04834,0.05279,15841989.9,2024-06-30 23:59:59.999,800503.418833,18605,7606485.9,385518.348048,0
2024-07-01,0.05278,0.05434,0.05197,0.0528,17286814.5,2024-07-01 23:59:59.999,914378.097265,16128,8150158.9,431151.528067,0
2024-07-02,0.05271,0.05329,0.05097,0.0519,13830067.6,2024-07-02 23:59:59.999,717501.006535,12644,5922288.6,307583.04055,0
2024-07-03,0.05187,0.05209,0.048,0.04868,10812212.4,2024-07-03 23:59:59.999,539801.914165,11123,4682524.4,232941.811623,0
2024-07-04,0.04872,0.049,0.04451,0.04497,15585535.5,2024-07-04 23:59:59.999,723858.763812,12844,7606920.6,354122.418141,0
2024-07-05,0.04497,0.04519,0.03852,0.04421,23709405.6,2024-07-05 23:59:59.999,981964.221379,21409,11745824.4,485709.815833,0
2024-07-06,0.04417,0.04747,0.04366,0.04747,8681561.4,2024-07-06 23:59:59.999,393914.464935,9978,4605739.7,209063.651795,0
2024-07-07,0.04739,0.04747,0.04332,0.04366,10966810.3,2024-07-07 23:59:59.999,497087.318587,11540,4953229.5,224255.832183,0
2024-07-08,0.04366,0.04764,0.04254,0.04691,19444759.7,2024-07-08 23:59:59.999,880880.704777,16945,10029880.9,454343.357964,0
2024-07-09,0.04698,0.04828,0.04632,0.04823,14086721.9,2024-07-09 23:59:59.999,666267.357784,18522,7199858.4,340792.75156,0
2024-07-10,0.04823,0.0488,0.04688,0.04735,18230437.4,2024-07-10 23:59:59.999,874282.548251,20414,9152534.0,439461.43162,0
2024-07-11,0.04742,0.04925,0.04667,0.04678,18035517.0,2024-07-11 23:59:59.999,866543.268103,22641,8425939.7,404967.651942,0
2024-07-12,0.04675,0.04909,0.04572,0.04837,16009501.0,2024-07-12 23:59:59.999,759559.342595,19119,7305130.2,346485.110849,0
2024-07-13,0.04837,0.04865,0.0467,0.04788,13799092.1,2024-07-13 23:59:59.999,657675.67245,16875,6558694.2,312897.283775,0
2024-07-14,0.0479,0.05084,0.04745,0.05018,19211088.0,2024-07-14 23:59:59.999,947197.3598,18601,9780899.3,482254.87881,0
2024-07-15,0.05025,0.05491,0.04986,0.05465,22262822.3,2024-07-15 23:59:59.999,1149363.53611,21069,10999252.3,569162.72767,0
2024-07-16,0.05462,0.05462,0.05156,0.0533,18163719.1,2024-07-16 23:59:59.999,965615.311882,15534,8875538.5,471392.621319,0
2024-07-17,0.0533,0.05528,0.053,0.05399,14152086.6,2024-07-17 23:59:59.999,766652.657634,13451,7252065.0,393276.802125,0
2024-07-18,0.05393,0.05537,0.05099,0.05227,18323227.2,2024-07-18 23:59:59.999,979797.647439,17850,8384160.7,447874.174819,0
2024-07-19,0.05227,0.05552,0.05072,0.05428,12056519.1,2024-07-19 23:59:59.999,638150.578933,12310,6662542.6,354764.653361,0
2024-07-20,0.05432,0.05458,0.053,0.05323,9584646.0,2024-07-20 23:59:59.999,514904.67282,10529,4521555.1,242999.841202,0
2024-07-21,0.05323,0.05439,0.05165,0.05418,9722661.9,2024-07-21 23:59:59.999,516112.479555,13200,4463887.1,236973.484412,0
2024-07-22,0.05425,0.05442,0.05149,0.05192,10236014.8,2024-07-22 23:59:59.999,543889.3158,13722,5214209.5,276843.004787,0
2024-07-23,0.05197,0.05292,0.04843,0.0491,12298808.6,2024-07-23 23:59:59.999,621591.419315,16121,5940211.2,300099.020495,0
2024-07-24,0.0491,0.05014,0.04646,0.04696,12557774.4,2024-07-24 23:59:59.999,610178.478538,14220,6817361.8,331736.091713,0
2024-07-25,0.04696,0.04799,0.04501,0.04796,13705806.6,2024-07-25 23:59:59.999,638220.358885,16498,6911888.2,321729.472803,0
2024-07-26,0.04792,0.05047,0.04769,0.05017,9029125.1,2024-07-26 23:59:59.999,445338.572229,13822,4778882.1,235750.43694,0
2024-07-27,0.05018,0.05136,0.04935,0.05075,14226804.9,2024-07-27 23:59:59.999,714604.400573,17521,6976460.0,350561.864273,0
2024-07-28,0.05075,0.05538,0.04933,0.04963,47571913.6,2024-07-28 23:59:59.999,2456574.003986,37024,25188204.1,1307119.442433,0
2024-07-29,0.04965,0.05136,0.04786,0.04788,23203351.1,2024-07-29 23:59:59.999,1152392.196942,24174,11704675.8,581435.358964,0
2024-07-30,0.04788,0.04837,0.04553,0.04594,14912293.4,2024-07-30 23:59:59.999,703120.850515,17230,7525369.0,355041.393386,0
2024-07-31,0.04595,0.04703,0.04506,0.04531,9667866.6,2024-07-31 23:59:59.999,445031.060918,13435,4029891.0,185377.442722,0
2024-08-01,0.04531,0.0458,0.04188,0.04489,15882241.4,2024-08-01 23:59:59.999,697261.686102,16351,8065349.7,354047.886171,0
2024-08-02,0.04493,0.04531,0.04201,0.04251,11485266.6,2024-08-02 23:59:59.999,500757.405824,12741,5331250.8,232587.932951,0
2024-08-03,0.04251,0.04323,0.0399,0.04082,12825087.2,2024-08-03 23:59:59.999,536142.864409,12496,5739489.1,239977.812156,0
2024-08-04,0.04084,0.04165,0.03794,0.03812,18920154.4,2024-08-04 23:59:59.999,753527.751559,17327,9846436.0,391340.384052,0
2024-08-05,0.03811,0.03829,0.03202,0.03582,43376527.7,2024-08-05 23:59:59.999,1497118.126851,26295,22470596.5,773341.240011,0
2024-08-06,0.03582,0.03812,0.03572,0.03739,16808417.0,2024-08-06 23:59:59.999,622742.89592,15937,8761857.7,324401.469665,0
2024-08-07,0.03738,0.039,0.03646,0.03773,19445214.0,2024-08-07 23:59:59.999,736054.669241,21856,9246124.5,350635.086476,0
2024-08-08,0.03771,0.04114,0.03709,0.04109,28203766.8,2024-08-08 23:59:59.999,1121595.98744,32741,14926897.3,594357.626754,0
2024-08-09,0.04113,0.04164,0.04009,0.04083,16099289.3,2024-08-09 23:59:59.999,658275.817432,22558,8089594.6,330811.901804,0
2024-08-10,0.04082,0.04122,0.03963,0.04042,9330198.2,2024-08-10 23:59:59.999,378703.388995,14063,4555428.3,185024.497955,0
2024-08-11,0.04042,0.04217,0.03828,0.03857,25970457.5,2024-08-11 23:59:59.999,1052806.944097,25687,13408703.0,544995.025932,0
2024-08-12,0.03858,0.04117,0.03762,0.04032,16610727.3,2024-08-12 23:59:59.999,659314.139413,20541,7513170.4,298209.369132,0
2024-08-13,0.04038,0.04103,0.03892,0.04076,9236991.3,2024-08-13 23:59:59.999,369656.990179,13116,4062915.1,162476.83523,0
2024-08-14,0.0408,0.04098,0.03833,0.03888,14099951.6,2024-08-14 23:59:59.999,557819.062428,15967,6202920.0,245227.948542,0
2024-08-15,0.03886,0.03961,0.0368,0.03766,13281593.8,2024-08-15 23:59:59.999,509103.889143,20024,6390881.3,244897.655637,0
2024-08-16,0.03769,0.0387,0.037,0.03813,9000872.3,2024-08-16 23:59:59.999,341705.886703,12699,4450257.3,169107.077053,0
2024-08-17,0.03813,0.03966,0.03791,0.03961,10065473.2,2024-08-17 23:59:59.999,392578.902207,14268,5041195.5,196612.922485,0
2024-08-18,0.03961,0.04149,0.03864,0.04026,21849358.6,2024-08-18 23:59:59.999,882208.669611,23035,10377541.6,418074.988909,0
2024-08-19,0.04028,0.04238,0.03948,0.04224,28650420.4,2024-08-19 23:59:59.999,1167279.470056,28810,14064301.8,573788.593475,0
2024-08-20,0.04223,0.04286,0.03979,0.04116,23630528.8,2024-08-20 23:59:59.999,983195.511651,23517,11333556.2,471551.421515,0
2024-08-21,0.04116,0.04419,0.04033,0.04346,33147891.6,2024-08-21 23:59:59.999,1408326.483801,31445,16419512.7,697816.378168,0
2024-08-22,0.04346,0.04401,0.04209,0.0437,19959019.3,2024-08-22 23:59:59.999,860314.836029,20495,10010830.1,431366.262313,0
2024-08-23,0.04369,0.04752,0.04369,0.04691,45373161.3,2024-08-23 23:59:59.999,2094104.364619,41068,24265572.1,1120062.948564,0
2024-08-24,0.04694,0.04949,0.04658,0.0484,26237464.8,2024-08-24 23:59:59.999,1268706.518153,24936,10924103.6,527783.402809,0
2024-08-25,0.04841,0.04867,0.04563,0.04658,22479998.6,2024-08-25 23:59:59.999,1056668.627727,22298,10879407.3,511366.466342,0
2024-08-26,0.04652,0.04917,0.0439,0.04435,32442126.4,2024-08-26 23:59:59.999,1529935.615516,31054,15415701.9,729594.24986,0
2024-08-27,0.04429,0.04503,0.041,0.04301,25564904.2,2024-08-27 23:59:59.999,1113407.751063,29218,12856883.0,560813.990749,0
2024-08-28,0.043,0.04503,0.04135,0.04235,26740376.4,2024-08-28 23:59:59.999,1158064.386974,27699,13353907.1,578299.10758,0
2024-08-29,0.04233,0.04496,0.04211,0.04322,17643261.7,2024-08-29 23:59:59.999,769197.572377,17269,10129939.1,442004.03631,0
2024-08-30,0.04321,0.04397,0.0412,0.04266,12169094.3,2024-08-30 23:59:59.999,519763.901445,14709,5908991.9,252225.441661,0
2024-08-31,0.04265,0.04292,0.04142,0.0418,9276155.6,2024-08-31 23:59:59.999,391133.237021,11508,4967726.0,209543.086058,0
2024-09-01,0.04181,0.04199,0.03988,0.04055,16124958.2,2024-09-01 23:59:59.999,656849.829989,17109,7577362.3,308703.333542,0
2024-09-02,0.04052,0.04267,0.0402,0.04244,22426844.2,2024-09-02 23:59:59.999,931686.647783,20288,11181511.7,464988.881912,0
2024-09-03,0.04244,0.04282,0.04014,0.04041,22893160.5,2024-09-03 23:59:59.999,950208.864043,19611,11145292.6,462523.62149,0
2024-09-04,0.04041,0.04078,0.03794,0.03993,19585529.8,2024-09-04 23:59:59.999,767019.423842,14985,9417489.6,368754.248912,0
2024-09-05,0.03992,0.04007,0.03795,0.03834,11291065.1,2024-09-05 23:59:59.999,437330.824026,10233,5840277.7,226336.981144,0
2024-09-06,0.03834,0.03999,0.03702,0.03838,17429791.1,2024-09-06 23:59:59.999,671262.805977,14867,9058759.6,349321.435193,0
2024-09-07,0.03838,0.03898,0.03758,0.03802,12927334.1,2024-09-07 23:59:59.999,494499.01344,12333,6311637.6,241558.016387,0
2024-09-08,0.03799,0.03927,0.03745,0.03891,11060651.0,2024-09-08 23:59:59.999,426024.324384,11369,5268928.6,203214.522724,0
2024-09-09,0.03892,0.04111,0.03835,0.04098,15033654.3,2024-09-09 23:59:59.999,599785.435565,15304,7493945.0,299132.678128,0
2024-09-10,0.04103,0.04241,0.0408,0.04222,16682728.0,2024-09-10 23:59:59.999,692331.080169,18541,6726595.5,279310.888368,0
2024-09-11,0.04222,0.04243,0.04021,0.04162,9777919.5,2024-09-11 23:59:59.999,405688.312216,10734,4644482.0,192654.514271,0
2024-09-12,0.04158,0.04279,0.04147,0.04268,8173563.6,2024-09-12 23:59:59.999,343685.05743,9304,4366178.0,183690.832435,0
2024-09-13,0.04269,0.04375,0.04202,0.04343,9432067.6,2024-09-13 23:59:59.999,403548.385354,10133,4711221.7,201827.127244,0
2024-09-14,0.04342,0.04433,0.04315,0.04384,10519886.8,2024-09-14 23:59:59.999,460192.202013,10389,5032965.1,220156.910288,0
2024-09-15,0.04383,0.0439,0.0411,0.04139,8731831.3,2024-09-15 23:59:59.999,375213.244086,9640,4371467.3,187971.997066,0
2024-09-16,0.04134,0.04156,0.03846,0.03868,17414248.3,2024-09-16 23:59:59.999,692158.880218,13050,8099683.6,322125.590457,0
2024-09-17,0.03869,0.04056,0.03829,0.04004,10240343.8,2024-09-17 23:59:59.999,404091.891589,9368,5258012.4,207483.235065,0
2024-09-18,0.03998,0.04081,0.03786,0.04073,18471351.7,2024-09-18 23:59:59.999,721905.730551,13476,8966684.0,351157.366846,0
2024-09-19,0.04073,0.04359,0.04073,0.04249,23230482.4,2024-09-19 23:59:59.999,985398.033521,18915,10891762.9,462162.702463,0
2024-09-20,0.04245,0.04452,0.04179,0.04421,19895739.4,2024-09-20 23:59:59.999,868085.214671,16531,10678739.5,466422.219701,0
2024-09-21,0.04421,0.0448,0.04297,0.04465,18385966.4,2024-09-21 23:59:59.999,810427.685061,15484,9824568.4,433400.703393,0
2024-09-22,0.04467,0.05493,0.04238,0.05119,283388683.7,2024-09-22 23:59:59.999,13940444.798473,123910,152171968.6,7468564.716019,0
2024-09-23,0.05119,0.055,0.04715,0.04892,201724234.0,2024-09-23 23:59:59.999,10121152.224321,88914,98964966.0,4976070.734106,0
2024-09-24,0.04892,0.0505,0.04764,0.04891,28516384.2,2024-09-24 23:59:59.999,1391049.653,13820,13793033.2,673630.670198,0
2024-09-25,0.04891,0.052,0.04826,0.04838,38362089.4,2024-09-25 23:59:59.999,1922754.100244,17716,19744471.9,991098.492605,0
2024-09-26,0.04836,0.0505,0.04781,0.05022,20293658.8,2024-09-26 23:59:59.999,1007087.010247,7979,8306514.3,411990.816613,0
2024-09-27,0.05022,0.05115,0.049,0.0504,21775100.6,2024-09-27 23:59:59.999,1097277.005781,8943,9829874.5,495556.270646,0
2024-09-28,0.05041,0.05046,0.046,0.04808,26366124.1,2024-09-28 23:59:59.999,1265273.477201,13610,11448386.2,549261.321991,0
2024-09-29,0.04804,0.04974,0.04757,0.04928,13119876.0,2024-09-29 23:59:59.999,636079.163874,8356,5881532.7,285375.620137,0
2024-09-30,0.04927,0.04942,0.04552,0.04615,11893465.8,2024-09-30 23:59:59.999,567078.345591,7575,5221669.9,248937.223571,0
2024-10-01,0.04616,0.0488,0.04115,0.04298,26460162.5,2024-10-01 23:59:59.999,1190884.520277,16509,12322417.3,556360.217366,0
2024-10-02,0.04298,0.04518,0.04191,0.04265,17482863.5,2024-10-02 23:59:59.999,761220.95743,10482,10025754.7,437484.040184,0
2024-10-03,0.04275,0.04391,0.03213,0.03495,194316512.7,2024-10-03 23:59:59.999,6802544.192293,63879,111648501.0,3899339.682704,0
2024-10-04,0.03495,0.0355,0.03306,0.03455,68049283.4,2024-10-04 23:59:59.999,2333589.730047,28810,36182919.4,1241441.180514,0
2024-10-05,0.03452,0.03551,0.03388,0.03408,18233817.8,2024-10-05 23:59:59.999,629228.811722,9470,7705979.8,267041.002793,0
2024-10-06,0.0341,0.03509,0.03352,0.035,18172424.5,2024-10-06 23:59:59.999,622258.711221,12207,9080669.8,311384.511759,0
2024-10-07,0.03501,0.0354,0.03367,0.03425,29168606.2,2024-10-07 23:59:59.999,1006707.190437,14397,14266195.5,492517.905005,0
2024-10-08,0.03425,0.03428,0.031,0.03302,26712168.1,2024-10-08 23:59:59.999,880805.051222,15336,11362225.5,374920.90611,0
2024-10-09,0.03298,0.03633,0.0318,0.03339,129548761.4,2024-10-09 23:59:59.999,4422562.748165,41562,68057303.4,2329094.211992,0
2024-10-10,0.03341,0.0341,0.03108,0.03222,48439380.0,2024-10-10 23:59:59.999,1571456.948127,24104,22983479.8,744988.276052,0
2024-10-11,0.03222,0.03382,0.03207,0.03292,23350324.9,2024-10-11 23:59:59.999,764251.739206,12051,9719367.2,318531.332946,0
2024-10-12,0.03292,0.03369,0.03276,0.03299,14513314.4,2024-10-12 23:59:59.999,483174.544255,10180,6442614.2,214729.436479,0
2024-10-13,0.03304,0.03546,0.03177,0.0336,72085515.2,2024-10-13 23:59:59.999,2422890.24855,26832,37947161.8,1276937.188475,0
2024-10-14,0.0336,0.03507,0.03263,0.03472,42417982.4,2024-10-14 23:59:59.999,1435064.603361,21257,20392988.6,690311.905362,0
2024-10-15,0.03475,0.03517,0.03332,0.03397,46487728.0,2024-10-15 23:59:59.999,1593490.901531,18456,19249708.8,660399.440069,0
2024-10-16,0.03396,0.03439,0.03318,0.03352,25646917.4,2024-10-16 23:59:59.999,866443.877575,11885,10997932.5,371853.466281,0
2024-10-17,0.03357,0.03391,0.0322,0.03255,16526798.3,2024-10-17 23:59:59.999,544217.287406,9687,8102886.6,266761.291577,0
2024-10-18,0.03252,0.0334,0.03186,0.03294,22304721.2,2024-10-18 23:59:59.999,727770.998229,11486,11133488.6,363085.889779,0
2024-10-19,0.03297,0.03344,0.03263,0.03299,11753896.0,2024-10-19 23:59:59.999,387694.969583,7951,6217535.2,205175.09456,0
2024-10-20,0.03296,0.03386,0.0327,0.03349,27608414.2,2024-10-20 23:59:59.999,914970.712688,13902,14354994.5,475724.600164,0
2024-10-21,0.03355,0.03445,0.03283,0.03406,44563756.4,2024-10-21 23:59:59.999,1500089.113803,14754,23061485.0,777790.744205,0
2024-10-22,0.03413,0.0344,0.03263,0.03318,22740621.3,2024-10-22 23:59:59.999,757150.476529,9504,9389828.2,312246.043361,0
2024-10-23,0.03319,0.0332,0.03133,0.03217,17051439.4,2024-10-23 23:59:59.999,551160.681219,9029,8886514.3,287390.128308,0
2024-10-24,0.03217,0.03272,0.03156,0.03253,18983508.8,2024-10-24 23:59:59.999,609722.891987,9348,10167293.2,326803.705574,0
2024-10-25,0.03247,0.03257,0.02834,0.02856,45320034.9,2024-10-25 23:59:59.999,1392753.270546,15881,27400582.1,841604.217358,0
2024-10-26,0.02861,0.02956,0.02818,0.02927,25672734.2,2024-10-26 23:59:59.999,740178.392262,12508,13031112.5,375383.647348,0
2024-10-27,0.02927,0.03004,0.02895,0.02973,16009751.6,2024-10-27 23:59:59.999,471491.571111,8971,7305930.2,215359.958624,0
2024-10-28,0.02974,0.03014,0.02898,0.02999,22782422.0,2024-10-28 23:59:59.999,673726.636988,10058,11405792.1,337397.891424,0
2024-10-29,0.03,0.03122,0.02951,0.03041,49684113.4,2024-10-29 23:59:59.999,1515179.735064,18652,24483136.6,747170.848933,0
2024-10-30,0.03039,0.03087,0.02965,0.02976,23033123.8,2024-10-30 23:59:59.999,695989.246535,10602,11429509.5,345227.564745,0
2024-10-31,0.02976,0.02987,0.02807,0.02869,26208020.3,2024-10-31 23:59:59.999,756541.994012,11803,13282115.5,383567.595107,0
2024-11-01,0.02868,0.0313,0.02751,0.02836,50309870.0,2024-11-01 23:59:59.999,1448505.995349,22150,24077547.3,694860.543209,0
2024-11-02,0.02836,0.02859,0.02747,0.02781,12088129.7,2024-11-02 23:59:59.999,338866.07065,7946,6828362.5,191451.847123,0
2024-11-03,0.02783,0.02792,0.02511,0.02613,28622660.0,2024-11-03 23:59:59.999,748103.132376,12541,13474275.8,352829.056871,0
2024-11-04,0.02615,0.02659,0.02468,0.02532,24104611.8,2024-11-04 23:59:59.999,621691.1413,9875,11822342.5,305110.413583,0
2024-11-05,0.02531,0.02673,0.02528,0.02613,29973087.7,2024-11-05 23:59:59.999,780790.252691,11847,15205500.4,396453.775897,0
2024-11-06,0.02612,0.02836,0.02601,0.02833,46064079.8,2024-11-06 23:59:59.999,1265021.327154,16907,23416896.5,643235.098336,0
2024-11-07,0.02832,0.02937,0.02769,0.02853,44986670.9,2024-11-07 23:59:59.999,1285652.554609,14274,22890972.7,654346.092278,0
2024-11-08,0.02855,0.02894,0.02737,0.02872,41548821.0,2024-11-08 23:59:59.999,1173996.331457,13169,20044998.5,566655.663642,0
2024-11-09,0.02871,0.03015,0.02823,0.03001,52038381.3,2024-11-09 23:59:59.999,1508612.789779,18302,28219502.0,817371.569101,0
2024-11-10,0.02999,0.03859,0.02936,0.03228,170709776.1,2024-11-10 23:59:59.999,5541847.23018,71906,85859228.0,2791667.295504,0
2024-11-11,0.03226,0.03358,0.03134,0.03348,80771526.7,2024-11-11 23:59:59.999,2606462.734508,35225,39642879.3,1279146.352935,0
2024-11-12,0.0335,0.03352,0.0299,0.03126,70284001.0,2024-11-12 23:59:59.999,2234102.046065,34181,33414608.7,1063090.060644,0
2024-11-13,0.03126,0.0322,0.0287,0.02987,69436299.2,2024-11-13 23:59:59.999,2091821.613692,32807,33744884.7,1015767.574621,0
2024-11-14,0.0299,0.04691,0.02875,0.03327,389481292.0,2024-11-14 23:59:59.999,13752644.482436,149619,196033029.7,6908478.673986,0
2024-11-15,0.03325,0.07776,0.03166,0.05622,2174195943.1,2024-11-15 23:59:59.999,115787347.806431,952990,1102839583.2,58680276.716686,0
2024-11-16,0.05622,0.19,0.05112,0.10483,3632714164.7,2024-11-16 23:59:59.999,376591993.43137294,2456768,1852937746.9,191137648.027252,0
2024-11-17,0.10466,0.14129,0.08374,0.09024,1634921889.9,2024-11-17 23:59:59.999,184096647.570026,1530391,808746888.5,91516811.676705,0
2024-11-18,0.09028,0.09647,0.07662,0.0792,445719332.4,2024-11-18 23:59:59.999,38517926.415209,467693,217812142.8,18851474.282634,0
2024-11-19,0.0792,0.08228,0.06723,0.07622,442111502.2,2024-11-19 23:59:59.999,33108058.285623,284328,215235842.4,16144870.455859,0
2024-11-20,0.07622,0.1308,0.0751,0.11063,1601035914.7,2024-11-20 23:59:59.999,171239811.211219,1334420,816518760.2,87313946.238783,0
2024-11-21,0.11061,0.12965,0.10031,0.10475,500728266.6,2024-11-21 23:59:59.999,54434156.89642,589105,250541108.3,27293648.664837,0
2024-11-22,0.10473,0.10663,0.09285,0.09571,298758576.6,2024-11-22 23:59:59.999,29614637.127126,335447,146711167.4,14565853.847068,0
2024-11-23,0.09572,0.11,0.08981,0.09674,325265747.5,2024-11-23 23:59:59.999,31952005.955695,297622,159797237.3,15719264.852658,0
2024-11-24,0.09678,0.106,0.08905,0.0936,302381324.6,2024-11-24 23:59:59.999,29321656.145522,211342,145687020.5,14121820.340515,0
2024-11-25,0.09361,0.10321,0.08736,0.08993,221819400.5,2024-11-25 23:59:59.999,21152330.698106,175768,105230602.0,10045585.436989,0
2024-11-26,0.08993,0.09575,0.08177,0.08495,125113838.7,2024-11-26 23:59:59.999,10919998.744355,121898,61580311.3,5375636.703888,0
2024-11-27,0.08495,0.09283,0.08358,0.08829,118866122.2,2024-11-27 23:59:59.999,10421398.04314,91160,60925221.1,5345778.351063,0
2024-11-28,0.08829,0.09092,0.085,0.08634,75611217.7,2024-11-28 23:59:59.999,6623149.453962,68500,36358648.6,3186791.441926,0
2024-11-29,0.08637,0.09289,0.08552,0.08945,127961895.3,2024-11-29 23:59:59.999,11470304.760738,96365,64050568.8,5741250.508813,0
2024-11-30,0.08944,0.09156,0.0876,0.08989,74812878.3,2024-11-30 23:59:59.999,6694132.188395,52752,34849545.0,3119535.198879,0
2024-12-01,0.08987,0.09025,0.08517,0.08627,69242684.7,2024-12-01 23:59:59.999,6047839.465909,53885,33153788.6,2896256.169922,0
2024-12-02,0.08623,0.08672,0.07719,0.08161,110420304.8,2024-12-02 23:59:59.999,8974295.472572,95220,54310076.5,4416416.208554,0
2024-12-03,0.08161,0.08303,0.07633,0.08176,92652727.9,2024-12-03 23:59:59.999,7438099.285496,91607,45453331.9,3649377.567313,0
2024-12-04,0.08177,0.08284,0.07805,0.07912,76987247.3,2024-12-04 23:59:59.999,6219148.894761,71863,35295237.7,2851178.418805,0
2024-12-05,0.07908,0.1086,0.0775,0.09237,628233654.5,2024-12-05 23:59:59.999,60083594.850404,497099,313015812.5,29917171.986828,0
2024-12-06,0.09235,0.0988,0.08734,0.08849,217654089.9,2024-12-06 23:59:59.999,19759863.68516,195160,110357025.4,10037345.268805,0
2024-12-07,0.08852,0.09342,0.08658,0.08922,91111395.0,2024-12-07 23:59:59.999,8124696.837706,83275,46024598.4,4105378.430725,0
2024-12-08,0.08917,0.09048,0.08514,0.08698,45143542.8,2024-12-08 23:59:59.999,3953094.788494,43607,19984633.7,1750990.562549,0
2024-12-09,0.08696,0.08735,0.06948,0.07705,97213769.5,2024-12-09 23:59:59.999,7820956.819107,108980,47154731.6,3798329.144207,0
2024-12-10,0.07702,0.0939,0.07343,0.08496,275032353.4,2024-12-10 23:59:59.999,22950772.824683,274578,138790048.0,11608053.028661,0
2024-12-11,0.08496,0.09,0.08063,0.08654,148942175.4,2024-12-11 23:59:59.999,12658181.013059,128902,74014451.4,6302151.979983,0
2024-12-12,0.08654,0.08887,0.08214,0.08316,63917350.2,2024-12-12 23:59:59.999,5505385.1682,67682,32481443.0,2799918.519389,0
2024-12-13,0.0832,0.0895,0.0816,0.08501,114420973.5,2024-12-13 23:59:59.999,9822789.891589,114124,56599004.7,4858533.702864,0
2024-12-14,0.085,0.08767,0.08,0.08163,66040970.2,2024-12-14 23:59:59.999,5515362.006941,65835,32279890.1,2697738.22997,0
2024-12-15,0.08163,0.08286,0.07837,0.082,30134762.9,2024-12-15 23:59:59.999,2441392.97091,39353,15213100.8,1232381.269113,0
2024-12-16,0.08202,0.08283,0.07802,0.07951,32040079.4,2024-12-16 23:59:59.999,2575012.502932,47083,15573793.3,1251706.392303,0
2024-12-17,0.07951,0.07986,0.07474,0.07582,32229477.2,2024-12-17 23:59:59.999,2507122.432804,38969,16580830.0,1290323.705673,0
2024-12-18,0.07586,0.0759,0.063,0.06609,48704310.1,2024-12-18 23:59:59.999,3473493.308819,51937,24013785.7,1714867.518002,0
2024-12-19,0.06612,0.06963,0.05696,0.06057,59963339.1,2024-12-19 23:59:59.999,3832972.23465,79760,29092531.8,1863155.972318,0
2024-12-20,0.06066,0.07763,0.05863,0.06707,164337223.9,2024-12-20 23:59:59.999,11094367.640753,97414,82260244.7,5580403.988214,0
2024-12-21,0.06707,0.07084,0.06295,0.06417,81087328.7,2024-12-21 23:59:59.999,5389000.989431,58299,41135871.3,2735636.547852,0
2024-12-22,0.06419,0.07979,0.06216,0.07041,221902637.6,2024-12-22 23:59:59.999,15356229.154868,161892,119378435.1,8256295.585165,0
2024-12-23,0.07041,0.07849,0.06607,0.07346,165758796.9,2024-12-23 23:59:59.999,11920903.591935,110233,79863405.6,5757862.621875,0
2024-12-24,0.07346,0.07599,0.07004,0.07207,94512944.5,2024-12-24 23:59:59.999,6805396.596536,53808,49354894.0,3555500.499707,0
2024-12-25,0.07208,0.0753,0.0709,0.07221,88241601.7,2024-12-25 23:59:59.999,6424621.167883,52888,46983510.6,3423630.657985,0
2024-12-26,0.07219,0.07559,0.06672,0.06775,85235677.6,2024-12-26 23:59:59.999,6060623.601309,58750,44108538.8,3139400.703381,0
2024-12-27,0.06774,0.07159,0.06571,0.06783,47454300.0,2024-12-27 23:59:59.999,3257751.432926,33784,24576332.0,1688365.957089,0
2024-12-28,0.06785,0.071,0.0677,0.06897,45442013.8,2024-12-28 23:59:59.999,3136681.165673,28537,23991537.4,1656573.28762,0
2024-12-29,0.06898,0.06905,0.06401,0.06511,33296828.2,2024-12-29 23:59:59.999,2233264.201734,24140,16953344.0,1137340.972622,0
2024-12-30,0.06508,0.06844,0.06213,0.06454,55052818.2,2024-12-30 23:59:59.999,3586183.134721,40718,27982151.3,1824886.702283,0
2024-12-31,0.06457,0.06568,0.06229,0.06384,31865959.4,2024-12-31 23:59:59.999,2033079.592812,28457,17095963.5,1090245.604455,0
